"age_Ma","omega","bootstrap_upper_bnd","bootstrap_lower_bnd"
0.66,-0.0913063749519912,-0.0310718487159137,-0.170506045700405
1.24792792792793,-0.0942780789093955,-0.0337646200675954,-0.173220015422053
1.83585585585586,-0.0971699109116638,-0.0363857847804199,-0.175852586268284
2.42378378378378,-0.0999787174465435,-0.0389343229622396,-0.178400249118938
3.01171171171171,-0.102709366207573,-0.0414162726045713,-0.180865578795291
3.59963963963964,-0.10535085586252,-0.0438197469820063,-0.183241404896698
4.18756756756757,-0.107905654038337,-0.0461471809568965,-0.185528164002318
4.7754954954955,-0.110369965944948,-0.0483967729619776,-0.18772319984528
5.36342342342342,-0.1127421574248,-0.0505666306165867,-0.189824508744897
5.95135135135135,-0.11500700870542,-0.0526456682062039,-0.191811339652268
6.53927927927928,-0.117185567583947,-0.054650785660861,-0.193714592548098
7.12720720720721,-0.11924798586507,-0.0565532129704677,-0.195495097122198
7.71513513513514,-0.12121147993983,-0.0583697353040794,-0.197173345208448
8.30306306306306,-0.123070940906731,-0.0601001976021825,-0.198750332856761
8.89099099099099,-0.124810224157163,-0.0617280695335179,-0.20020308968824
9.47891891891892,-0.126437076151245,-0.0632620401358801,-0.201542341629411
10.0668468468468,-0.127940412017009,-0.0646926397531093,-0.202755213001193
10.6547747747748,-0.129314051012651,-0.066015563270889,-0.203835341056666
11.2427027027027,-0.130550094207429,-0.0672250647095593,-0.204774054526217
11.8306306306306,-0.131636257018167,-0.0683088867946568,-0.205554653502376
12.4185585585586,-0.132576125759973,-0.0692755600785884,-0.206186730485864
13.0064864864865,-0.133354207749149,-0.0701113946202242,-0.206650763660702
13.5944144144144,-0.133957607020074,-0.0708088221637751,-0.206930925546421
14.1823423423423,-0.134376291067786,-0.0713554352568125,-0.207018435021606
14.7702702702703,-0.134599529576702,-0.0717493458699755,-0.206900211786477
15.3581981981982,-0.134606473151503,-0.071972399625626,-0.20655160886028
15.9461261261261,-0.134362592215832,-0.0719990418477173,-0.205935774532062
16.5340540540541,-0.133878731886072,-0.0718418301997067,-0.205060920933966
17.121981981982,-0.133084230267028,-0.0714427566765642,-0.203858532176323
17.7099099099099,-0.132039070235459,-0.0708533149247421,-0.202377712041434
18.2978378378378,-0.130667601413859,-0.0700161173677295,-0.200541000707891
18.8857657657658,-0.128959057976219,-0.0689221465755067,-0.198330763416712
19.4736936936937,-0.12687775850518,-0.067546223863961,-0.195705649731997
20.0616216216216,-0.124393466701255,-0.0658664117898593,-0.192628203587782
20.6495495495496,-0.121474540307666,-0.0637488267025046,-0.189058583767606
21.2374774774775,-0.118088966829162,-0.0602260834026738,-0.184956023283348
21.8254054054054,-0.114197284030724,-0.0562339355135162,-0.180271701572427
22.4133333333333,-0.109775741681548,-0.051765748354613,-0.174968807509434
23.0012612612613,-0.104788769169917,-0.0467968059386411,-0.169002402697691
23.5891891891892,-0.0992131763061747,-0.0413091033567694,-0.162332449460393
24.1771171171171,-0.0930229333742908,-0.0352848103730534,-0.154921860984275
24.765045045045,-0.086198691862326,-0.0287130072906344,-0.147791579428081
25.352972972973,-0.0787334172767833,-0.0215924172238098,-0.141113243236084
25.9409009009009,-0.0706283805081371,-0.0139306822563792,-0.133789231813775
26.5288288288288,-0.0618912147959197,-0.00574134387522068,-0.125816605208587
27.1167567567568,-0.052550198091188,0.00294392835597272,-0.11721268435726
27.7046846846847,-0.0426429120430815,0.0120849397777206,-0.10799949814355
28.2926126126126,-0.0322199809660283,0.0245723576088471,-0.0982139084294881
28.8805405405405,-0.0213459419924334,0.03801181618748,-0.0879051688382886
29.4684684684685,-0.0100951956722665,0.0518686501966478,-0.0771319952645097
30.0563963963964,0.00144338265251671,0.0660212104355309,-0.0659680953177089
30.6443243243243,0.0131847540118767,0.0803484370468196,-0.0544815115277448
31.2322522522523,0.0250293860352994,0.094714645895521,-0.0427627627574974
31.8201801801802,0.0368814691943887,0.108986383645015,-0.0308935600485908
32.4081081081081,0.0486558699158669,0.123046111946588,-0.0189540733373476
32.996036036036,0.0602794009098865,0.136787687310796,-0.00700149929607076
33.583963963964,0.0716772644413991,0.15011512398349,0.00363043365098291
34.1718918918919,0.0827988799490871,0.162949294062677,0.0130247091625715
34.7598198198198,0.0935974088298618,0.175239302298988,0.0223662410890053
35.3477477477477,0.104057215115178,0.186961202707095,0.0316491181707826
35.9356756756757,0.114159112637688,0.198088453582507,0.040837128206906
36.5236036036036,0.123909122401327,0.209040068629248,0.0499318578003488
37.1115315315315,0.133320611444445,0.21953783923006,0.0589342401335196
37.6994594594595,0.142422684886032,0.229464196753318,0.0668844521955471
38.2873873873874,0.151233572651091,0.238865751039001,0.0741082081912767
38.8753153153153,0.159812847289787,0.24781501725121,0.0813426900599916
39.4632432432432,0.168164480531793,0.256348377290969,0.088575503291566
40.0511711711712,0.176345742206522,0.264529151248563,0.0958759895970646
40.6390990990991,0.184394556957937,0.272435430247373,0.103242635449027
41.227027027027,0.192360720657363,0.280126769576214,0.110729021432712
41.8149549549549,0.20026653714072,0.287643134158629,0.118347304342301
42.4028828828829,0.208155401856007,0.295043111330776,0.126130287866212
42.9908108108108,0.216058875619323,0.302371754942457,0.134100890010241
43.5787387387387,0.224007208185161,0.310479557585541,0.142279593567843
44.1666666666667,0.232026524148541,0.31972414324566,0.150684003444709
44.7545945945946,0.240137750349639,0.328918647707937,0.159325897213186
45.3425225225225,0.248362060218443,0.338091355651155,0.168218556168112
45.9304504504504,0.256711201750906,0.347262661997688,0.177367043234634
46.5183783783784,0.265198036191697,0.3564516494326,0.18677692936378
47.1063063063063,0.273830414170898,0.365672167754021,0.196449494668403
47.6942342342342,0.282613236191513,0.37493428449188,0.206096056951046
48.2821621621622,0.29154681048868,0.384243074985666,0.215300043734002
48.8700900900901,0.300647233500361,0.393626083527705,0.224735958779897
49.458018018018,0.309878814539609,0.403038137862631,0.232509658299649
50.0459459459459,0.319246895942583,0.41249332035844,0.240007471162052
50.6338738738739,0.328745228194329,0.421992674664326,0.247675876387726
51.2218018018018,0.338351467292419,0.431504829660797,0.255507525973924
51.8097297297297,0.348052197233977,0.441024677679872,0.263489349388112
52.3976576576577,0.357827528909669,0.45053466432684,0.271607964018009
52.9855855855856,0.367662899459739,0.460018113049306,0.279855082765211
53.5735135135135,0.377537757380401,0.469457374924908,0.288215427862233
54.1614414414414,0.387406316455395,0.478808038266302,0.29665929843781
54.7493693693694,0.397270800207173,0.488068169135975,0.305182421050313
55.3372972972973,0.407088888285956,0.497196833728738,0.313758474952122
55.9252252252252,0.416834867703669,0.50616986319039,0.322368210287009
56.5131531531531,0.426670695242428,0.515172549394887,0.331145909125393
57.1010810810811,0.436139726187006,0.523691370354902,0.339721067884473
57.689009009009,0.4454844997719,0.532379869405272,0.348303087779332
58.2769369369369,0.45459520311969,0.542232731354108,0.35678624431828
58.8648648648649,0.463468494739865,0.551811244176858,0.36517449870143
59.4527927927928,0.472090596965388,0.561106530281611,0.373462722022116
60.0407207207207,0.480420399958168,0.570079043827189,0.381614119388775
60.6286486486486,0.488421299260831,0.578691961178032,0.389599831333586
61.2165765765766,0.496065861202704,0.586922019336344,0.397395716103952
61.8045045045045,0.503331079942105,0.594747241064486,0.40498453812358
62.3924324324324,0.510188442602321,0.602144497968082,0.412340906319002
62.9803603603604,0.516624044695877,0.609101770278493,0.4194502619228
63.5682882882883,0.522596716560914,0.615582870736988,0.426277255722581
64.1562162162162,0.528111689519831,0.621594792230176,0.432821781242396
64.7441441441441,0.533143106847322,0.627114266212856,0.438269036189432
65.3320720720721,0.537690871724904,0.63214317889794,0.443241083372455
65.92,0.541755891717004,0.636687536079971,0.44797194315311
66.5079279279279,0.545341144503039,0.640751432648783,0.452463214906949
67.0958558558558,0.548457244522786,0.644347527411558,0.456723028904924
67.6837837837838,0.551121854255143,0.647494688066967,0.460764816518719
68.2717117117117,0.553355001973342,0.650215335861466,0.464601493555512
68.8596396396396,0.555227623653001,0.652577630081576,0.468301627117053
69.4475675675676,0.556703595899477,0.654551335722007,0.4718093898728
70.0354954954955,0.557857721313527,0.656209612566082,0.47519178560794
70.6234234234234,0.558735634169625,0.657597724776646,0.476825459267561
71.2113513513513,0.559388568517885,0.658765996559189,0.475970217643996
71.7992792792793,0.559873047280267,0.659771329102475,0.473333527247606
72.3872072072072,0.560247926581061,0.660668707646831,0.470587496130318
72.9751351351351,0.560582530000997,0.661527809761679,0.467813814603964
73.5630630630631,0.560933250523493,0.662405024813697,0.465082393234127
74.150990990991,0.561358126035004,0.66335159837088,0.4624664617281
74.7389189189189,0.561975452220648,0.664486086515634,0.46009580721493
75.3268468468468,0.562772676226399,0.665793019429644,0.45797375067168
75.9147747747748,0.563851909817793,0.667369648930498,0.45621547550786
76.5027027027027,0.565268581841948,0.669270622613751,0.454888812508422
77.0906306306306,0.567085561556372,0.67155290773329,0.454067659070261
77.6785585585585,0.569361123476798,0.674268679237047,0.453824143799378
78.2664864864865,0.572148195528677,0.677465810529474,0.454221105174997
78.8544144144144,0.575531122642577,0.681231883805944,0.455351813884881
79.4423423423423,0.579503199362388,0.685537238222343,0.45721413366053
80.0302702702703,0.584131046377085,0.690449551670383,0.459886309998624
80.6181981981982,0.5894612586537,0.696008478173068,0.463416930982585
81.2061261261261,0.595530351409901,0.702240729066056,0.467850195225168
81.794054054054,0.602376880286162,0.709177843441546,0.473225644481348
82.381981981982,0.610038827388025,0.716849850561548,0.479584180590743
82.9699099099099,0.618543342056007,0.725275203502175,0.486955863308127
83.5578378378378,0.627929052715639,0.73580112198302,0.495375822148272
84.1457657657658,0.638197684689294,0.747823971297528,0.504857485365626
84.7336936936937,0.649414717310975,0.76078622770541,0.515453782870722
85.3216216216216,0.661584406651461,0.774681722996269,0.527174629465193
85.9095495495495,0.674728730845339,0.789519766433858,0.540039643920815
86.4974774774775,0.688865881061123,0.805305342372636,0.554067586142155
87.0854054054054,0.704017673939595,0.82204676631779,0.56928342255395
87.6733333333333,0.720178141434644,0.839715339737507,0.585684821580943
88.2612612612613,0.737381171937216,0.858342832031665,0.603299094470709
88.8491891891892,0.755620395173111,0.877898735757563,0.622124204762304
89.4371171171171,0.775035602708019,0.898564208554677,0.642253809236288
90.025045045045,0.795330223964537,0.919901842264677,0.661539122048694
90.612972972973,0.816629699560991,0.942069515540738,0.679914793957406
91.2009009009009,0.838949440505517,0.965069852991921,0.699451447551242
91.7888288288288,0.862288988771077,0.988903065448848,0.720157440389809
92.3767567567567,0.886496069682132,1.01336586901792,0.741908442835209
92.9646846846847,0.911595066059166,1.03847957662509,0.764752592986631
93.5526126126126,0.937538321013399,1.06418404195714,0.788664109082616
94.1405405405405,0.964287389873495,1.09042720687529,0.813617058965737
94.7284684684685,0.991742400900416,1.1170986863174,0.839542349368918
95.3163963963964,1.01980041004066,1.14408599622132,0.86635797283131
95.9043243243243,1.04844076518946,1.1732834989551,0.894064217116212
96.4922522522522,1.07749390864501,1.20669495855344,0.922465376800888
97.0801801801802,1.10686393638608,1.23997126458881,0.951548024207342
97.6681081081081,1.13648730475415,1.27304654630973,0.981215803029117
98.256036036036,1.16622625781037,1.30573298046914,1.0113443657155
98.843963963964,1.1959317882115,1.33788087089849,1.04179721238458
99.4318918918919,1.22551757842685,1.36938408059233,1.07247424146368
100.01981981982,1.25486342212469,1.40011693872629,1.10324779772143
100.607747747748,1.28385287171629,1.42996023270335,1.13399518352846
101.195675675676,1.31238805476253,1.45881778855137,1.16459087333919
101.783603603604,1.34031684920536,1.48655997684071,1.19369616470679
102.371531531532,1.36757469675156,1.51313245553516,1.22220753819006
102.959459459459,1.39408729295329,1.54030650403903,1.25022409154679
103.547387387387,1.41968173370777,1.5687281703586,1.27752306473483
104.135315315315,1.44439677455523,1.59595876450288,1.30414607522298
104.723243243243,1.46815837818802,1.62192084129291,1.32997009829798
105.311171171171,1.49076527097634,1.646395509346,1.3547390055483
105.899099099099,1.51237697830512,1.66962362484274,1.37860019146251
106.487027027027,1.53271755749755,1.69125830439155,1.39869979739841
107.074954954955,1.55184847635004,1.71142311519451,1.41686009852116
107.662882882883,1.56983771794981,1.7302020960975,1.43409343706264
108.250810810811,1.58663998134416,1.74756954689711,1.45032978318367
108.838738738739,1.60222916788782,1.76351098768861,1.46544811336726
109.426666666667,1.6162801303033,1.7777281951827,1.47601123376809
110.014594594595,1.62940979924872,1.79085544316396,1.48565034739157
110.602522522523,1.64131405367632,1.80260733543587,1.49407591345164
111.19045045045,1.65209680361164,1.81309579224133,1.50138114691608
111.778378378378,1.66172078463048,1.82230310681148,1.50755130122884
112.366306306306,1.67020326885899,1.8302618824925,1.5126035152662
112.954234234234,1.67756774152127,1.83700265938058,1.51658030794828
113.542162162162,1.68384137625164,1.84256669985026,1.51953954153214
114.13009009009,1.68903852227742,1.84698466389771,1.52147432725075
114.718018018018,1.69312298591306,1.85423175149349,1.52237448200772
115.305945945946,1.69618865288775,1.86405339914603,1.52235018656586
115.893873873874,1.69813729950847,1.87258817759768,1.52133170576999
116.481801801802,1.69901861919484,1.87989288383224,1.51938549316809
117.06972972973,1.69883032887671,1.88595703811552,1.51654545866044
117.657657657658,1.69757918053984,1.89077459954013,1.51283612278074
118.245585585586,1.69523611253448,1.89430449650302,1.50825485365613
118.833513513514,1.69178138341036,1.89651198151329,1.50281455073168
119.421441441441,1.68723731983986,1.89740495542179,1.49657149841662
120.009369369369,1.68144223886866,1.89678936574236,1.48940209127323
120.597297297297,1.67445621082729,1.89472684961953,1.47975071168984
121.185225225225,1.66620144628986,1.89104551701579,1.46600279322862
121.773153153153,1.65660863858963,1.88568214478187,1.45083991262238
122.361081081081,1.64573040836291,1.87867639886351,1.43431929425352
122.949009009009,1.6333452270882,1.8697269569329,1.41627622204452
123.536936936937,1.61942847366519,1.8587571661042,1.39672428489305
124.124864864865,1.60399778517375,1.84576108740354,1.37570556060651
124.712792792793,1.58688236794458,1.8305299323845,1.35313333437668
125.300720720721,1.56808212661214,1.81301701580641,1.32904651130995
125.888648648649,1.5475294302804,1.79311654485595,1.30344780194708
126.476576576577,1.52522340400654,1.77078885513212,1.27638211971559
127.064504504504,1.50110433919228,1.74595151682994,1.24786853694791
127.652432432432,1.4751833979373,1.71858603036857,1.21799280855876
128.24036036036,1.44753933219888,1.69680697099881,1.18686512160699
128.828288288288,1.41814110809362,1.67833579295093,1.15458928382091
129.416216216216,1.38735705374864,1.6582481883946,1.12150304629607
130.004144144144,1.3546461923118,1.63572019125477,1.08721935218822
130.592072072072,1.32055091063259,1.61120963306979,1.05229210378489
131.18,1.28523317949144,1.5847444538252,1.01690229450686
131.767927927928,1.24888969751175,1.55638584369851,0.981267550401179
132.355855855856,1.21173890432263,1.52623099746135,0.94561527531691
132.943783783784,1.17401847013964,1.49441529590018,0.910171599361626
133.531711711712,1.1359729209086,1.46109614127578,0.875174881650066
134.11963963964,1.09785775829764,1.4264751922015,0.840836422772301
134.707567567568,1.05991398882008,1.39075814648525,0.807361729104241
135.295495495495,1.0223824090528,1.35418340421303,0.774931745834965
135.883423423423,0.985483411896977,1.31699328047213,0.743703811784682
136.471351351351,0.949417615778797,1.27943753789838,0.713808682732765
137.059279279279,0.914355819094376,1.24174871698855,0.672514000461472
137.647207207207,0.880389521426818,1.20412044341508,0.632406663357831
138.235135135135,0.847724036376823,1.16682321329128,0.594480692284022
138.823063063063,0.816450599625159,1.13008091366299,0.558793511977072
139.410990990991,0.78659970672378,1.09403636152072,0.525312652081878
139.998918918919,0.758214996287907,1.05884513310415,0.494025447847003
140.586846846847,0.731313990264992,1.0246398529488,0.464888055062646
141.174774774775,0.705895634412595,0.991527808813289,0.43783582819292
141.762702702703,0.68194428652512,0.959595986003289,0.412787209341258
142.350630630631,0.659419922848938,0.928904364221113,0.389632807630215
142.938558558559,0.638306270427868,0.899506685707357,0.368303876552632
143.526486486486,0.618648442913765,0.871528924031777,0.348765160005885
144.114414414414,0.600208982178812,0.844810009337497,0.330751431110736
144.702342342342,0.583013797919616,0.819426976037459,0.314220325114393
145.29027027027,0.567015217659083,0.795377053885662,0.299087232888091
145.878198198198,0.552151592997049,0.772638771425663,0.28524334388222
146.466126126126,0.538291951011646,0.751132737247134,0.272497641480669
147.054054054054,0.525526124683401,0.730939107725657,0.260950150787284
147.641981981982,0.513758447608915,0.711979117860969,0.250461474569683
148.22990990991,0.502910222746765,0.6942005427701,0.240921649046857
148.817837837838,0.492938665476402,0.677572000609169,0.232264992888844
149.405765765766,0.483801996437808,0.666270915338343,0.224434056327876
149.993693693694,0.475461909413766,0.656383279776656,0.217371536977994
150.581621621622,0.467879425773335,0.64752817571051,0.211029452284724
151.16954954955,0.461032154934155,0.642719462059532,0.205367826109587
151.757477477477,0.45488608132788,0.638446744331885,0.200346985664617
152.345405405405,0.449424697148203,0.634700280570595,0.195936468713849
152.933333333333,0.444617302980161,0.631459220641999,0.192098369222268
153.521261261261,0.440466100762883,0.628728823758352,0.188831655218983
154.109189189189,0.436946634266077,0.626493682629838,0.186103529254943
154.697117117117,0.434058829367217,0.624762657649849,0.183904124382098
155.285045045045,0.431793004701834,0.623530611961645,0.182220514216264
155.872972972973,0.430152939939969,0.622803609370926,0.181051235467766
156.460900900901,0.429130150823967,0.622591323021562,0.180370883606048
157.048828828829,0.428751216939667,0.622916789810554,0.180204084372071
157.636756756757,0.428961704597313,0.623733010498383,0.180458533065127
158.224684684685,0.429909736621234,0.625202938392646,0.18133540430514
158.812612612613,0.431541249733248,0.627273180517617,0.182731402684187
159.400540540541,0.4338805508044,0.63046353730291,0.184668491655683
159.988468468468,0.436966305027785,0.635449694519324,0.187159592595209
160.576396396396,0.440869833516464,0.64124401631359,0.190257768026947
161.164324324324,0.445611117562528,0.647830032861775,0.193984336418931
161.752252252252,0.451183547645676,0.656144328088223,0.198289924449074
162.34018018018,0.457670796741891,0.667026249382984,0.203249991776828
162.928108108108,0.465133058893325,0.679206199492797,0.208897870062688
163.516036036036,0.473533710483186,0.692648034938247,0.215145804713136
164.103963963964,0.483150343104213,0.707606200827301,0.222299343686368
164.691891891892,0.493936056482286,0.724026788690215,0.230252369264476
165.27981981982,0.505964663127484,0.7419645258562,0.239048579714716
165.867747747748,0.519310353356625,0.76146540024343,0.24873154483576
166.455675675676,0.534083256420126,0.782611342664969,0.259398993364867
167.043603603604,0.550308702204426,0.805390748088708,0.271013433518662
167.631531531532,0.568012818279817,0.829793675074504,0.283559025514475
168.219459459459,0.5874205608299,0.85595424393589,0.297296395357929
168.807387387387,0.608507258726126,0.88379868333785,0.312147901658493
169.395315315315,0.631319336797601,0.913304512064188,0.328156041036116
169.983243243243,0.655900142483144,0.944422568213943,0.345340568512703
170.571171171171,0.682260499746398,0.977074916975167,0.363725513730492
171.159099099099,0.710390117313081,1.01115203643824,0.383318293885618
171.747027027027,0.740249040978964,1.04651006472996,0.404111386174393
172.334954954955,0.771763082977051,1.08296888078185,0.426079576891605
172.922882882883,0.804806165301323,1.12026899010686,0.449199042857303
173.510810810811,0.839244410616345,1.15822622446126,0.473361407898629
174.098738738739,0.87487170514119,1.19652070586067,0.498492381811879
174.686666666667,0.911440176092027,1.23482336185282,0.524477613411749
175.274594594595,0.948674131824173,1.2791658271461,0.551165441211912
175.862522522523,0.986258103233345,1.32806768893595,0.578390792307227
176.45045045045,1.02383633001343,1.37577317677295,0.605963551562634
177.038378378378,1.06110897453773,1.42187164971405,0.633722515142794
177.626306306306,1.09755738228671,1.46571627185482,0.661386607007197
178.214234234234,1.13286840444292,1.50691233766342,0.688698104335922
178.802162162162,1.16668251838112,1.5450548940942,0.71546591137688
179.39009009009,1.19865916488411,1.57978312484788,0.741466432168075
179.978018018018,1.22843862113757,1.61286345147257,0.766430535227763
180.565945945946,1.25588151172104,1.65062172007334,0.790297606111712
181.153873873874,1.28071636670424,1.68345888390867,0.812826779304536
181.741801801802,1.30278957883764,1.71121333696185,0.833893891811358
182.32972972973,1.32212060981738,1.73395833264486,0.853533601263155
182.917657657658,1.33846954286038,1.75156473457517,0.871430762393662
183.505585585586,1.35190982459389,1.76424100394239,0.887780857882466
184.093513513513,1.36257685795557,1.77231459602368,0.902366528195345
184.681441441441,1.37051552248293,1.77600681431956,0.915311470102621
185.269369369369,1.37585753782665,1.77565200305966,0.926667314224096
185.857297297297,1.37876116754858,1.77161419074229,0.930776013360224
186.445225225225,1.37940461525361,1.764273831788,0.933559914364022
187.033153153153,1.37797990211598,1.75690828169674,0.935164149184957
187.621081081081,1.37468739007948,1.75699412028921,0.935679499113868
188.209009009009,1.36972490882899,1.75432085486952,0.935197910833951
188.796936936937,1.36329501545883,1.74912228649335,0.933815025249302
189.384864864865,1.35561402412188,1.74168703654056,0.931651261720512
189.972792792793,1.34686716812963,1.73223287087741,0.928799373738958
190.560720720721,1.33725950910639,1.72100820363088,0.925367590105126
191.148648648649,1.32691595799486,1.70817794183998,0.921443780357703
191.736576576577,1.31603067895138,1.69398800808004,0.91713398108512
192.324504504504,1.30475607893875,1.67863691767463,0.912533631118201
192.912432432432,1.29327013729898,1.66238710424086,0.907729766542888
193.50036036036,1.2816094020026,1.64524348314268,0.902803234045802
194.088288288288,1.26997209181341,1.62747907167728,0.897873996299213
194.676216216216,1.25841327218623,1.60920139002057,0.892986343879233
195.264144144144,1.24704554612366,1.59057350405909,0.888218575779462
195.852072072072,1.23601134815842,1.57178029112056,0.88368760666025
196.44,1.22524564450373,1.55277444325642,0.879346684622222
197.027927927928,1.21488556998058,1.53373391321818,0.875319049271711
197.615855855856,1.20499709282417,1.51480762444149,0.871657982947008
198.203783783784,1.19608995241515,1.49656841726203,0.868999999557125
198.791711711712,1.18717745670284,1.47786817201331,0.866195757878664
199.37963963964,1.17882975265417,1.45947259523693,0.863843592689938
199.967567567568,1.17111841766854,1.44143464970367,0.862080301151341
200.555495495495,1.16396108047403,1.42904897363479,0.860838824598178
201.143423423423,1.15742001977937,1.4196388401429,0.860182135063259
201.731351351351,1.15150308119341,1.41057962793826,0.860129172447125
202.319279279279,1.14619155119822,1.40187972972181,0.860665952163304
202.907207207207,1.1415353068482,1.39887883645058,0.855189566459223
203.495135135135,1.13750025928247,1.39709838218669,0.849433833871095
204.083063063063,1.13409282859798,1.39545045010809,0.844735863661051
204.670990990991,1.13130362538408,1.39394432945491,0.841097550277986
205.258918918919,1.12914836013691,1.39262885406754,0.838529026606875
205.846846846847,1.12764013702083,1.39703978144535,0.837037010347481
206.434774774775,1.12684735815452,1.4056783565252,0.836725368048686
207.022702702703,1.12657442142955,1.41437606811734,0.837332979869276
207.610630630631,1.12693469221546,1.42324816074816,0.838977944919049
208.198558558559,1.12792488256685,1.43229878893844,0.841652189532248
208.786486486486,1.12956122720402,1.44154888875521,0.845343985278189
209.374414414414,1.13188356888942,1.45102283109217,0.850069406046982
209.962342342342,1.13482172874901,1.46065288705521,0.855768924850149
210.55027027027,1.13843819172965,1.47050889134686,0.862450377029495
211.138198198198,1.14273025074361,1.48057530656883,0.870099917680387
211.726126126126,1.14775388473658,1.49092285861229,0.87872370698321
212.314054054054,1.15351347525282,1.50153813192419,0.888327906011935
212.901981981982,1.16001343412855,1.51242777426971,0.898870191766456
213.48990990991,1.16728865807491,1.52361854796972,0.910358498834442
214.077837837838,1.17536302317217,1.53512633176024,0.918755126385781
214.665765765766,1.18427015122227,1.54698795689299,0.92746604238846
215.253693693694,1.19402273578387,1.55919241440291,0.937291447237405
215.841621621622,1.20465651282899,1.57177451201446,0.948252160910654
216.42954954955,1.21620005832664,1.5847532780109,0.960361925668763
217.017477477477,1.2286822313698,1.59814728652687,0.973635881181331
217.605405405405,1.24213182239372,1.61197437011443,0.988090595559555
218.193333333333,1.25653484736812,1.62619984952405,1.00370894965448
218.781261261261,1.27201135414502,1.6409517863575,1.02058717987545
219.369189189189,1.28853542760532,1.65618070540572,1.03870273854529
219.957117117117,1.30613111909102,1.67189821429144,1.05807725742048
220.545045045045,1.324823277379,1.68811720647802,1.07682513152743
221.132972972973,1.34459946507859,1.70480052980909,1.09270552437521
221.720900900901,1.3654592389685,1.72193878183488,1.10705198065559
222.308828828829,1.38749036042322,1.73963073768658,1.12127811898665
222.896756756757,1.41064291932482,1.75780734711932,1.137096072531
223.484684684685,1.43490876873486,1.77645156373066,1.15454998922155
224.072612612613,1.46026733729654,1.79553905344358,1.17366841935301
224.660540540541,1.48668606015555,1.82050534935908,1.19446670394003
225.248468468468,1.51411868652013,1.85118794514936,1.21694398819482
225.836396396396,1.54250909899104,1.8823816847409,1.24108015153361
226.424324324324,1.57171106563507,1.91384962581389,1.26680846784289
227.012252252252,1.60159687593345,1.94539289133913,1.2939700667254
227.60018018018,1.63207572715134,1.9769941258972,1.32251126519887
228.188108108108,1.66316542862884,2.00854259261144,1.35246531498297
228.776036036036,1.6945852914842,2.03971392647557,1.38355921207338
229.363963963964,1.72617176866315,2.07031435190893,1.40512671562294
229.951891891892,1.7577210542625,2.10010861446844,1.42665684186052
230.53981981982,1.78901495057254,2.12886782665698,1.44842862306386
231.127747747748,1.81982690116013,2.15633526864518,1.4703142218297
231.715675675676,1.84992914265488,2.18229985373995,1.49207475351158
232.303603603604,1.87901315771756,2.20647060805763,1.5134490753185
232.891531531532,1.90703227460592,2.22878746410731,1.53454168135554
233.479459459459,1.93360362140316,2.24894881810092,1.55489436851879
234.067387387387,1.9586177128601,2.2668892885569,1.57447289533146
234.655315315315,1.9817662026586,2.28232397847838,1.59289602145171
235.243243243243,2.00290951780068,2.29520334631631,1.61005719290412
235.831171171171,2.02191410013964,2.30545804872608,1.62579350332515
236.419099099099,2.03831778109866,2.31264399340305,1.63975436492338
237.007027027027,2.05263394147364,2.31745741309074,1.6521655904814
237.594954954955,2.06454303033488,2.31960059057615,1.66279135521485
238.182882882883,2.07399450812038,2.32828116234261,1.6715290594487
238.770810810811,2.08098359692596,2.33825581941571,1.67831970814211
239.358738738739,2.08551617901232,2.34515671415006,1.68312761243796
239.946666666667,2.08743733318916,2.34887839000705,1.68583002222602
240.534594594595,2.0871568956958,2.34984203923158,1.68670088846324
241.122522522523,2.08457602445833,2.34797538402441,1.68565958472945
241.71045045045,2.07974368553378,2.3433461139992,1.68272322494822
242.298378378378,2.07274392799111,2.33605469759839,1.67795465682352
242.886306306306,2.06366661955841,2.32622027953253,1.67142159529985
243.474234234234,2.05254076491854,2.31385586028749,1.66315257040147
244.062162162162,2.03947342757119,2.2991007379659,1.65324646978765
244.65009009009,2.02456892152862,2.28206678014569,1.64178808784299
245.238018018018,2.00786638880517,2.26522953529736,1.62884719494207
245.825945945946,1.98935198921261,2.24696256435714,1.61442192692516
246.413873873874,1.96917546823339,2.22648734689646,1.59860387321785
247.001801801802,1.94736841256432,2.20375227200089,1.58146046605866
247.58972972973,1.92399824862377,2.17881574821138,1.56306226364708
248.177657657658,1.89912916611037,2.15174747034855,1.54348804216607
248.765585585586,1.87281436684681,2.12255069890858,1.52281383281855
249.353513513514,1.84502334487836,2.09119496788423,1.5010442537341
249.941441441441,1.81602998927442,2.05798986644469,1.47840153617705
250.529369369369,1.78577024661178,2.02283047746131,1.45485943886506
251.117297297297,1.75443769869258,1.98593000634345,1.43063788562011
251.705225225225,1.72209017922935,1.94736043989857,1.40578730462436
252.293153153153,1.68885657648147,1.90726403134826,1.38044105494918
252.881081081081,1.6547579900155,1.8656911400223,1.35463463122868
253.469009009009,1.62003331842003,1.82290856472089,1.32862716722225
254.056936936937,1.58492850934534,1.77924130882161,1.30256387058595
254.644864864865,1.54952163376541,1.73641535895402,1.27653752491354
255.232792792793,1.51406259873601,1.69999169733242,1.250777675973
255.820720720721,1.47867903566065,1.66322873095008,1.22541889322799
256.408648648649,1.44360796139212,1.63115578089261,1.20063190592188
256.996576576577,1.40904570666278,1.60030176479005,1.17657365626041
257.584504504505,1.37522658117483,1.56983493795831,1.15343735852598
258.172432432432,1.34234221137467,1.53998107607675,1.12503840520756
258.76036036036,1.3105541171512,1.510878301112,1.08744350078645
259.348288288288,1.28009332362137,1.48277757166812,1.05159513350683
259.936216216216,1.25109613118283,1.45627286822639,1.01763510939448
260.524144144144,1.22365018417435,1.43261244245001,0.985701809686242
261.112072072072,1.19794772324437,1.41036274104848,0.95592357023642
261.7,1.17416167957034,1.38970018824818,0.928454097362786
262.287927927928,1.15225894270419,1.37060257692726,0.903276950129055
262.875855855856,1.13230234637868,1.3531357379189,0.880435765336464
263.463783783784,1.11428713453823,1.33726496261808,0.859966975836392
264.051711711712,1.09826672599716,1.32314270434917,0.841795970671468
264.63963963964,1.08418659026908,1.31068504095264,0.825900179708773
265.227567567568,1.07197918466053,1.29985455465868,0.812191263124832
265.815495495495,1.06159381505072,1.2906108244858,0.800600138142891
266.403423423423,1.05295967627351,1.28281225753006,0.791042569990183
266.991351351351,1.04592606008497,1.27645501299026,0.783380570983957
267.579279279279,1.04041026226513,1.27141252695027,0.777474031808165
268.167207207207,1.03629495338467,1.26756456213679,0.773212685895864
268.755135135135,1.03346104785944,1.26480167621257,0.770467350358092
269.343063063063,1.03181121200441,1.26300536755727,0.769131090268273
269.930990990991,1.03116050114679,1.26202049790028,0.769011313994144
270.518918918919,1.03143499493747,1.26175590583231,0.770039043455849
271.106846846847,1.03246185513531,1.26205146076663,0.772026993686521
271.694774774775,1.034167628539,1.26282735477046,0.774902015616447
272.282702702703,1.03642436925426,1.26395276777995,0.778537088009924
272.870630630631,1.03910186764756,1.26529499068185,0.782791704151665
273.458558558559,1.04212042129931,1.2667806214957,0.787602543706424
274.046486486487,1.04538188444346,1.2683065224326,0.792878085025483
274.634414414414,1.04877081681705,1.26975784922296,0.798477578509801
275.222342342342,1.05221181240085,1.2710591197729,0.804339297402202
275.81027027027,1.05563850218422,1.27214376688893,0.810394002972201
276.398198198198,1.0589541426965,1.27301250364139,0.816555381686716
276.986126126126,1.06212493014525,1.27515999436903,0.822795970561167
277.574054054054,1.06507479040349,1.27674000760715,0.829028726471831
278.161981981982,1.06772995181651,1.27768732672169,0.835186467182166
278.74990990991,1.07007226847832,1.27797646981468,0.841258914804519
279.337837837838,1.07204203653569,1.27756076536748,0.845746500740717
279.925765765766,1.073618059286,1.27641963619016,0.848868686338219
280.513693693694,1.07477614049177,1.27453490035478,0.85175544523987
281.101621621622,1.0755009260467,1.27189883303906,0.854387123434059
281.68954954955,1.07578629506579,1.26851449661337,0.85676376980482
282.277477477477,1.07562789351274,1.26439136007622,0.858864268603434
282.865405405405,1.0750158893764,1.25952620772699,0.860686032953126
283.453333333333,1.07398181469143,1.25397715071255,0.862239238874146
284.041261261261,1.07254003899375,1.24777486483468,0.863539824712456
284.629189189189,1.07075569825593,1.24098582954192,0.864653375148144
285.217117117117,1.06862526102335,1.23366949853782,0.865549951286652
285.805045045045,1.06623298408121,1.22642115443274,0.866331857294418
286.392972972973,1.06356279492527,1.22199696861969,0.866953164217652
286.980900900901,1.06067782662082,1.21719081754969,0.867473045152471
287.568828828829,1.05770574239294,1.21213464018399,0.868007360385284
288.156756756757,1.05466612890409,1.20975762761696,0.868563267667128
288.744684684685,1.05163129889761,1.2075378548821,0.869200105527261
289.332612612613,1.04866577276731,1.20511627036626,0.869968602541094
289.920540540541,1.04585835169566,1.20256817829532,0.870950920759027
290.508468468468,1.04324468748914,1.1999376831035,0.872158775972998
291.096396396396,1.040903132811,1.19729975303188,0.873654302409061
291.684324324324,1.03889239812425,1.1947086793651,0.875489309109284
292.272252252252,1.03726917032358,1.19223114524522,0.877699779459942
292.86018018018,1.03609019775504,1.18993265364138,0.880331633716481
293.448108108108,1.03540202228835,1.18786983045852,0.883417027339311
294.036036036036,1.03524223338552,1.18609797221149,0.883835484601025
294.623963963964,1.0356795760178,1.18469600037473,0.883785496845615
295.211891891892,1.0366640774601,1.18363787720345,0.884594658528525
295.79981981982,1.03830634240473,1.18304247936326,0.886361747919101
296.387747747748,1.04058210368749,1.18290785201842,0.889035107108457
296.975675675676,1.04350386547862,1.18326963448474,0.892607704856175
297.563603603604,1.04708487928355,1.18415671575438,0.897070894821478
298.151531531532,1.05132646407349,1.18558838398688,0.902405770781556
298.739459459459,1.05622203351553,1.18757043698158,0.90857959468651
299.327387387387,1.06176347515421,1.19012459286093,0.915569705460952
299.915315315315,1.06794102481573,1.19325043377137,0.92333990848088
300.503243243243,1.07475046816594,1.19695692056408,0.931869498043951
301.091171171171,1.08217269830815,1.20123904488718,0.941124349404431
301.679099099099,1.09019728262919,1.20609957006318,0.951074676804933
302.267027027027,1.09879964883786,1.21152455697581,0.96168066515801
302.854954954955,1.10799645386239,1.21754744030236,0.972952288183562
303.442882882883,1.11771230769219,1.22408981666274,0.984789268581695
304.030810810811,1.12794275698898,1.23116110449313,0.997182065390015
304.618738738739,1.13866972791846,1.23874930946511,1.00919254693756
305.206666666667,1.14986887569105,1.24694222275674,1.02051589291926
305.794594594595,1.16151803128006,1.25714555020869,1.03241289994371
306.382522522523,1.17358505272971,1.26889274745048,1.0448541340848
306.97045045045,1.18604672537469,1.28196274427902,1.05782724143285
307.558378378378,1.19887102695115,1.29538020835529,1.07130338456556
308.146306306306,1.21202825206545,1.30911734078423,1.08525922904647
308.734234234234,1.22548578706698,1.32314718531426,1.09966965446958
309.322162162162,1.23924213861823,1.33747680142285,1.11453659515194
309.91009009009,1.25320751815128,1.35201457359531,1.1297792258119
310.498018018018,1.26736384644232,1.36674503406888,1.14538077660802
311.085945945946,1.2816932766698,1.38165791045828,1.16132743896719
311.673873873874,1.29611083937722,1.39666800917558,1.17754239119029
312.261801801802,1.3106064283815,1.41177500958578,1.19401113408951
312.84972972973,1.32513673808056,1.42693568754024,1.21070385447867
313.437657657658,1.3396448630907,1.44283837768293,1.22651172901786
314.025585585586,1.35409023421252,1.46084028968668,1.23861251070928
314.613513513514,1.36842608643368,1.47853152621197,1.25065740626473
315.201441441441,1.38259516999614,1.4958525138007,1.26260882222329
315.789369369369,1.39659638204538,1.51281731071949,1.27445670433437
316.377297297297,1.41031985414359,1.52929975407246,1.2861010792306
316.965225225225,1.42376711883573,1.54531335100157,1.29758191684181
317.553153153153,1.4368781531863,1.56080273169535,1.30879471107202
318.141081081081,1.44961310800508,1.57572826886279,1.31973606628127
318.729009009009,1.4619472426229,1.59007250801986,1.33038851220457
319.316936936937,1.47384957637123,1.60381281980633,1.340723957559
319.904864864865,1.48528366787503,1.61692342043197,1.35070732866671
320.492792792793,1.49625020645838,1.62940695300568,1.36036665446753
321.080720720721,1.50673190298941,1.64124689796426,1.36968578161251
321.668648648649,1.5166797867298,1.65243495371331,1.3786033533279
322.256576576577,1.52612832296805,1.66298365987893,1.38717740249833
322.844504504505,1.53509077119965,1.67291061642995,1.39545020179773
323.432432432432,1.54351723510754,1.6822141974307,1.40332657387601
324.02036036036,1.55144354208796,1.69092277586688,1.41087206437791
324.608288288288,1.55888517855657,1.69905276687494,1.41811736566257
325.196216216216,1.56584862372965,1.70664538209837,1.42505927912317
325.784144144144,1.5723920108118,1.71376690703904,1.4317522631727
326.372072072072,1.57847430037546,1.72036327043062,1.43818925624818
326.96,1.58413634182573,1.72649817862762,1.44416570842755
327.547927927928,1.58942222095731,1.73222231017052,1.44775670905034
328.135855855856,1.59438472002292,1.73758524849643,1.4513386060085
328.723783783784,1.59902633965376,1.74262537977731,1.45490480422854
329.311711711712,1.60333857839642,1.74730861038572,1.45845667729135
329.89963963964,1.60737939535454,1.75170559326492,1.46204959620647
330.487567567568,1.61117358451935,1.75584327212551,1.46570571345181
331.075495495495,1.61477270284835,1.75975120597474,1.46949003473647
331.663423423423,1.61814504686735,1.7634281202309,1.4733337286949
332.251351351351,1.62135264858638,1.76691950266953,1.47730636898104
332.839279279279,1.62439574493456,1.77021542033576,1.48140401231
333.427207207207,1.62728664766243,1.77331213411922,1.48563287164472
334.015135135135,1.63003677633673,1.77621400049076,1.48998897432437
334.603063063063,1.63266492272946,1.77893871217209,1.49448859232404
335.190990990991,1.63516001044208,1.7814566070856,1.49909679288666
335.778918918919,1.63753339556109,1.78375869953423,1.50382672711809
336.366846846847,1.63978629173701,1.78582971990391,1.50866552750505
336.954774774775,1.64190510794537,1.78763868762133,1.51341988348408
337.542702702703,1.64389520165126,1.78918257464019,1.51779476080769
338.130630630631,1.64573442608983,1.790418912824,1.52243704271892
338.718558558559,1.64732606403788,1.79123271796418,1.52726139708132
339.306486486487,1.64880336985708,1.79173802021198,1.53236852179266
339.894414414414,1.65009671820911,1.79186385310477,1.53769728022369
340.482342342342,1.65121102367651,1.79159794878804,1.54159084559291
341.07027027027,1.65206295361765,1.79084788157919,1.54275596987846
341.658198198198,1.65277951262322,1.78973898670171,1.54405258446428
342.246126126126,1.65325654260312,1.78816209740695,1.54540077599369
342.834054054054,1.65348394223651,1.7861038321373,1.54675657293137
343.421981981982,1.65348644501416,1.78358737327115,1.54816246463008
344.00990990991,1.65327663147481,1.78064468114403,1.54961244083682
344.597837837838,1.65284758186161,1.7772673540534,1.55109096469314
345.185765765766,1.6522097413722,1.77349282832298,1.5525947850607
345.773693693694,1.65137919224714,1.76934991787068,1.55412193881718
346.361621621622,1.65037324130416,1.76487713867996,1.55567063123419
346.94954954955,1.64920304148274,1.76010217812363,1.55723431715767
347.537477477478,1.647893554193,1.75507943301589,1.55873531777473
348.125405405405,1.64645534338517,1.74983878253994,1.5594782972799
348.713333333333,1.6449181133266,1.7444386571629,1.55998518728791
349.301261261261,1.64331156072885,1.74041806169681,1.56012336743731
349.889189189189,1.64167707134185,1.73664977239189,1.56033694825519
350.477117117117,1.63993808737946,1.7325898654016,1.56038052437537
351.065045045045,1.63817563545118,1.72835595934067,1.55913078814487
351.652972972973,1.63640038133166,1.7245730571759,1.55794828371707
352.240900900901,1.63464261992812,1.72086833577083,1.55693294724051
352.828828828829,1.63286747030567,1.71715542226886,1.55608032399772
353.416756756757,1.6311041077087,1.71346931047988,1.55540993254144
354.004684684685,1.62935061576397,1.70981423979965,1.55486588341249
354.592612612613,1.62760714380454,1.70619250825498,1.55433067119495
355.180540540541,1.62586908038324,1.70260564601973,1.5535650351782
355.768468468468,1.62414053511914,1.69906166133427,1.55258138576795
356.356396396396,1.62239359215902,1.69552744431902,1.55166921169252
356.944324324324,1.62062069004967,1.69200374189083,1.55081499219705
357.532252252252,1.61881582701136,1.68848611254862,1.55000919862115
358.12018018018,1.61696076313757,1.68495762745181,1.54922484117652
358.708108108108,1.61503706520409,1.68139999008848,1.54844931260817
359.296036036036,1.61302648669673,1.67779673328898,1.5476529564715
359.883963963964,1.61091348904888,1.67543373308629,1.5468203205309
360.471891891892,1.60868077055601,1.67324633923967,1.54592723374567
361.05981981982,1.60630771390472,1.67078882948498,1.54494947831814
361.647747747748,1.60377400356967,1.66804975865237,1.54386384695393
362.235675675676,1.60105670187666,1.66501363865144,1.54264542106049
362.823603603604,1.59814048658759,1.6616740909017,1.53993227004827
363.411531531532,1.59500238356681,1.65802103829993,1.53687714075899
363.99945945946,1.59162268417343,1.6540384011094,1.5335835309813
364.587387387387,1.58798551090507,1.64971924684343,1.53002747800898
365.175315315315,1.58407611574093,1.6450555683011,1.52618965291855
365.763243243243,1.57987058318714,1.64003125448836,1.52204454200772
366.351171171171,1.57535753295256,1.63464337986922,1.51757840949505
366.939099099099,1.57052860518038,1.63064904417363,1.51277923111518
367.527027027027,1.56536106068318,1.6264348401727,1.50762514791909
368.114954954955,1.55984588321258,1.62188269288896,1.50210150814609
368.702882882883,1.55397195872285,1.61698078091013,1.49619804767223
369.290810810811,1.54772836182689,1.61172120720898,1.48990228570296
369.878738738739,1.54110634211067,1.60609756355692,1.48320504359899
370.466666666667,1.53409982226183,1.60010543070605,1.47609988087094
371.054594594595,1.52670297983723,1.59374132197149,1.46858141294767
371.642522522523,1.51891879119694,1.58700766830225,1.46065201917931
372.23045045045,1.51073403677039,1.57989666167994,1.45230154626423
372.818378378378,1.5021599944841,1.57242265334098,1.44354203809587
373.406306306306,1.4931795135261,1.56456516104118,1.43435592151037
373.994234234234,1.48381752713761,1.55634716151519,1.42477032111764
374.582162162162,1.47406062096575,1.54776860869744,1.41477731271585
375.17009009009,1.4639331326617,1.53883613163957,1.40439940086814
375.758018018018,1.45343355187853,1.5295596372646,1.39363938902407
376.345945945946,1.44257546959842,1.51995331418847,1.38251391537068
376.933873873874,1.43136867694036,1.51002587203841,1.37103759767016
377.521801801802,1.41982694418249,1.49979098688145,1.35922451144498
378.10972972973,1.40796541196706,1.48926371141074,1.34709648439058
378.697657657658,1.39579451827419,1.47845519210997,1.33466700514815
379.285585585586,1.38334099664133,1.46738963035888,1.32196862422355
379.873513513514,1.37061645706027,1.45607977916354,1.30901506057842
380.461441441441,1.35763863276339,1.44454025708969,1.29582927038781
381.049369369369,1.34443048673042,1.43279592869573,1.28244184314968
381.637297297297,1.3310049242431,1.42085446405277,1.2686823886312
382.225225225225,1.31737856243301,1.40873583854981,1.25330376496197
382.813153153153,1.3035768808736,1.3964563333305,1.23784240990543
383.401081081081,1.28959845232183,1.38401448658604,1.22230531478811
383.989009009009,1.27548840136567,1.3714534063492,1.20674212342835
384.576936936937,1.26124890039993,1.35876772606072,1.1911659111506
385.164864864865,1.24689502382887,1.34597049481821,1.17559924041402
385.752792792793,1.23243673647292,1.33306518380471,1.16005954969203
386.340720720721,1.217876957659,1.32005216727799,1.14456058176052
386.928648648649,1.20323011990146,1.30693268062378,1.12764995387698
387.516576576577,1.18849697790246,1.29370140181526,1.11010737755066
388.104504504505,1.17368181371177,1.280349681325,1.09241934337369
388.692432432432,1.1587791708273,1.26686896024843,1.07459644973334
389.28036036036,1.14377896639509,1.2532307273589,1.05662937807439
389.868288288288,1.12867425593534,1.23941631407572,1.03851906559397
390.456216216216,1.11344759209183,1.22539354890228,1.02025548325845
391.044144144144,1.09808638534715,1.21113296497983,1.00183958641524
391.632072072072,1.08252876759288,1.19655017529511,0.983202125244436
392.22,1.06680726109651,1.18165494470282,0.964396182500892
392.807927927928,1.05086808157291,1.16637860174358,0.945379332001185
393.395855855856,1.03466568240822,1.15065087660678,0.926114584837679
393.983783783784,1.01816662002355,1.13441510625184,0.906580398160959
394.571711711712,1.00132996081503,1.1175990066079,0.886746958513733
395.15963963964,0.984096333147152,1.10012477677137,0.866563036498369
395.747567567568,0.966440101597543,1.08193970861331,0.846021952555286
396.335495495496,0.948312023812424,1.06297396764345,0.825091820692184
396.923423423423,0.929678780559478,1.04316980150959,0.803749032072887
397.511351351351,0.910504284876155,1.02770642730451,0.781978890165666
398.099279279279,0.890700841508028,1.01211327702138,0.759702959547892
398.687207207207,0.87039455504019,0.995881485540166,0.737074908460306
399.275135135135,0.849513286726428,0.978872450538207,0.714023487760028
399.863063063063,0.828060718732043,0.961039729400946,0.69056875295027
400.450990990991,0.806152405144483,0.945087544552197,0.665105333841551
401.038918918919,0.78373201078104,0.929404104559327,0.637631108121403
401.626846846847,0.760817103357009,0.912956525463343,0.606488430359799
402.214774774775,0.737856029808623,0.896156618744221,0.574561042317704
402.802702702703,0.714823667898519,0.878855093064815,0.542729696085381
403.390630630631,0.691905744144024,0.861138849242366,0.511317914011315
403.978558558559,0.669273322295211,0.843109232333741,0.480557386555367
404.566486486486,0.647130743242387,0.824840315955029,0.450815955917266
405.154414414414,0.625694299922855,0.806491912642314,0.422398872237526
405.742342342342,0.605049382879899,0.788128540229082,0.395400253484714
406.33027027027,0.585642931552915,0.770105719152724,0.370499168055133
406.918198198198,0.567472010028964,0.75247242937238,0.347665940622671
407.506126126126,0.550768835279406,0.735403634729438,0.327189250872268
408.094054054054,0.535626438500107,0.719037840961715,0.3091860269879
408.681981981982,0.52209402783344,0.703487623921166,0.293679825540454
409.26990990991,0.510170261101052,0.690585530347617,0.280678278508057
409.857837837838,0.499906628037337,0.679055810434191,0.270177005409818
410.445765765766,0.490987165709773,0.668056281562177,0.261814851896411
411.033693693694,0.483889215100935,0.658075173099174,0.256066766732192
411.621621621622,0.477672383733734,0.651835836501276,0.251816058625782
412.20954954955,0.473344766130087,0.647272967775503,0.250129259830964
412.797477477478,0.470399402124841,0.643363562257148,0.25051676884754
413.385405405405,0.468459361164052,0.639774297303208,0.252376958649837
413.973333333333,0.467338927451237,0.638580679163726,0.255445461868211
414.561261261261,0.467236043138112,0.641037614254334,0.259967992989018
415.149189189189,0.467749798566711,0.643343765518712,0.263166835899487
415.737117117117,0.468986343931446,0.645649993284821,0.267164826913325
416.325045045045,0.470702875989132,0.64889937829258,0.272127217837321
416.912972972973,0.472586567882639,0.652149101214247,0.277676741687233
417.500900900901,0.475022826318818,0.655643295319698,0.284195593395657
418.088828828829,0.477732639508675,0.659133851289591,0.29134395888665
418.676756756757,0.480529779201337,0.662493585052508,0.298884432208428
419.264684684685,0.483463322147782,0.665730740846768,0.306844857608198
419.852612612613,0.486215303471937,0.668582846000014,0.314863702601152
420.440540540541,0.489267274495989,0.671449977104864,0.323369281830719
421.028468468468,0.492248187764146,0.674049140406346,0.332003456194068
421.616396396396,0.495111474404343,0.6763190730701,0.340652168206441
422.204324324324,0.497863817041591,0.678250819703934,0.343442502224974
422.792252252252,0.50041454905596,0.679780125572278,0.345330579687528
423.38018018018,0.502924814901897,0.681035136040275,0.347338819028004
423.968108108108,0.505237548220539,0.681883135757103,0.349302525895169
424.556036036036,0.50740282172011,0.682351129896608,0.351217946151075
425.143963963964,0.509376253293857,0.682401272154229,0.353067150188928
425.731891891892,0.51141306586318,0.682203602052899,0.355208436499823
426.31981981982,0.513055042150672,0.68144596326795,0.356991025495685
426.907747747748,0.514518934783506,0.680272301886839,0.358712904729997
427.495675675676,0.515831147931502,0.678725097701796,0.360392414321992
428.083603603604,0.51695227707887,0.676740325488491,0.36200008081219
428.671531531532,0.517946728460145,0.674398971543539,0.363603854061483
429.259459459459,0.51880721211219,0.671695610993154,0.365175574709085
429.847387387387,0.519563559541675,0.668681923528143,0.366321655527865
430.435315315315,0.520241686474907,0.665913672952412,0.366923282278142
431.023243243243,0.520876624633168,0.664545235283253,0.367817861138426
431.611171171171,0.521489573765361,0.664944475928457,0.369035123582406
432.199099099099,0.522118839579277,0.667218419495739,0.370631958450233
432.787027027027,0.522793194562038,0.66934646067457,0.372638359403132
433.374954954955,0.523610031488547,0.671447951164458,0.375113882213928
433.962882882883,0.524495267176164,0.673427343367837,0.377981170657177
434.550810810811,0.525604373552282,0.675444465440411,0.381431228924188
435.138738738739,0.526922188475136,0.677488660538546,0.38473961402048
435.726666666667,0.528502470820004,0.679612838069265,0.386371074680668
436.314594594595,0.53038724817501,0.681854959917941,0.387815293442134
436.902522522523,0.532620718392557,0.684265380322499,0.389907832554408
437.49045045045,0.535265347188303,0.68690652318057,0.392698240377369
438.078378378378,0.538338700680815,0.689808083665002,0.396219079405527
438.666306306306,0.541894951741543,0.69301975756264,0.400514558282819
439.254234234234,0.545982653394395,0.696593713710489,0.405632095337483
439.842162162162,0.550686192905886,0.700604540692285,0.411644869286236
440.43009009009,0.555939738567199,0.705007988043482,0.418487977537335
441.018018018018,0.561820337322068,0.709867667272229,0.426227194960251
441.605945945946,0.568376874282241,0.715243442687844,0.434909934509354
442.193873873874,0.575626433453717,0.721150193284631,0.444547501551839
442.781801801802,0.58360031732172,0.727618248884129,0.455161264007573
443.36972972973,0.592317286614148,0.734667762676054,0.466764418661193
443.957657657658,0.601793189394925,0.742311288967021,0.479365414509301
444.545585585586,0.612033489620483,0.750542573885165,0.492972425369742
445.133513513514,0.62305506239007,0.759403046122361,0.5058105603458
445.721441441441,0.634913595216324,0.768917613509096,0.519228996318952
446.309369369369,0.647506602316254,0.77900991603954,0.533502171470659
446.897297297297,0.660863398173751,0.789696584669527,0.548676919715874
447.485225225225,0.67497090637262,0.800967655736503,0.563828978593739
448.073153153153,0.689809788625207,0.812801325363345,0.578374766660549
448.661081081081,0.705342135167352,0.830891650338509,0.593813280556387
449.249009009009,0.721522816930061,0.849906472647052,0.610115082627271
449.836936936937,0.738307985489477,0.869409991504771,0.627249677212925
450.424864864865,0.755655098453168,0.889334180135121,0.645192186074613
451.012792792793,0.773485607530734,0.909571219988293,0.663868774980232
451.600720720721,0.791726111431117,0.930030048721962,0.681033976988482
452.188648648649,0.810318626266327,0.950624312560522,0.697373064704733
452.776576576577,0.829177252913599,0.971244479890215,0.713499959114492
453.364504504505,0.848204448458474,0.991780371915621,0.728898808258466
453.952432432432,0.867325835650361,1.01212380195776,0.744434532594322
454.54036036036,0.886448573689107,1.03217592313924,0.760033577534068
455.128288288288,0.905480475226576,1.05182672215562,0.775626907975702
455.716216216216,0.924328911178485,1.07098044183934,0.791134905145255
456.304144144144,0.942926330850358,1.08956011558535,0.806521914259074
456.892072072072,0.961163970443257,1.10746161619228,0.82167174985343
457.48,0.978973511137275,1.12460513249809,0.836543061700689
458.067927927928,0.996291544247496,1.14093581707494,0.851100185132291
458.655855855856,1.01302493659761,1.15637802170382,0.865243625152546
459.243783783784,1.02912329245408,1.17089717592931,0.878947978905792
459.831711711712,1.04454223278409,1.1844597276472,0.892176571589315
460.41963963964,1.059244010737,1.1970411891309,0.904901121547855
461.007567567568,1.07319910344232,1.20863251251885,0.917095596767246
461.595495495496,1.08637996892545,1.21922301481109,0.928744044497475
462.183423423423,1.09878240296762,1.22897017471773,0.939841887894076
462.771351351351,1.11038764247253,1.24337183833365,0.950387019499214
463.359279279279,1.12122069799724,1.25686089878719,0.960386387158627
463.947207207207,1.13127455353316,1.26943591071058,0.969839146209849
464.535135135135,1.14057673015084,1.28110569697208,0.978777861105412
465.123063063063,1.14913754730876,1.2918722004544,0.987211883040306
465.710990990991,1.15699023482223,1.30176253426356,0.99517432732888
466.298918918919,1.16416682080339,1.31080079514361,1.00269313301632
466.886846846847,1.17069553885116,1.31901079489793,1.00979004385858
467.474774774775,1.17662554715509,1.3264348140975,1.01651607486589
468.062702702703,1.18198379371019,1.33309213774658,1.02289960885922
468.650630630631,1.18682008960913,1.33902896706314,1.02898188175645
469.238558558559,1.19116636516673,1.34426549753361,1.03478653479625
469.826486486486,1.19506937216544,1.34884548712378,1.04035939179562
470.414414414414,1.19857023913212,1.35280682243235,1.04573367685001
471.002342342342,1.20171435579509,1.35617938438905,1.05095755702178
471.59027027027,1.20453734307525,1.35900169335423,1.05605810340287
472.178198198198,1.20708480673375,1.36130950027763,1.0610771324276
472.766126126126,1.20939711262172,1.36313940648668,1.0660425988488
473.354054054054,1.21153077030256,1.36454073794063,1.07100901897012
473.941981981982,1.21350795601591,1.36552402277012,1.0759938406365
474.52990990991,1.21536096575411,1.3661260878219,1.08101311765771
475.117837837838,1.21711791081621,1.36636912905899,1.08609411094787
475.705765765766,1.21881966588859,1.36629102524843,1.08883724615663
476.293693693694,1.22050149677829,1.3659240440619,1.08802330708867
476.881621621622,1.22218385665999,1.36528681199131,1.08734194408548
477.46954954955,1.22392138836868,1.3665215965346,1.08685530031583
478.057477477478,1.22572987068904,1.3687118710075,1.08660436615422
478.645405405405,1.22763193491992,1.37073618198152,1.08663127785829
479.233333333333,1.22965272877493,1.3726089047628,1.08698138435597
479.821261261261,1.23180450662337,1.37433598585395,1.08768151132902
480.409189189189,1.23412101524629,1.37594058156055,1.08879143080664
480.997117117117,1.23658870263895,1.37738842248565,1.09031649119562
481.585045045045,1.23924190439158,1.37873437683506,1.09230516660099
482.172972972973,1.24209711391369,1.3799839240195,1.09478326717326
482.760900900901,1.24514290746867,1.381122669669,1.09629907376877
483.348828828829,1.24838280599524,1.38216269799528,1.09641411893339
483.936756756757,1.2518207977294,1.38311253219031,1.09713614976054
484.524684684685,1.25544111914112,1.3855511045488,1.0984768238672
485.112612612613,1.25924005515179,1.38960598653954,1.10045578036398
485.700540540541,1.2631817906427,1.39349042293675,1.10306802994416
486.288468468468,1.26728397745019,1.39722103777007,1.10632699621592
486.876396396396,1.27151824374659,1.40108237045253,1.11021544417305
487.464324324324,1.27585917091229,1.40595099969422,1.11470911871178
488.052252252252,1.28028456821101,1.41063720234357,1.11977499397636
488.64018018018,1.28477429712876,1.41512734169042,1.12538202632849
489.228108108108,1.28929706295676,1.41940468674084,1.13147490705644
489.816036036036,1.29388179939688,1.42351293395178,1.13804711975999
490.403963963964,1.29842313093757,1.42736061704282,1.14498180980937
490.991891891892,1.30303456817779,1.43107551800707,1.15235668022096
491.57981981982,1.30747346444733,1.43443283527723,1.15988425452331
492.167747747748,1.31185565717008,1.43757149238662,1.16764185197572
492.755675675676,1.31615378946212,1.44048487658941,1.17556712541592
493.343603603604,1.32036031662883,1.4431885284199,1.18360909737416
493.931531531532,1.32445830375595,1.44567918806022,1.19171345587622
494.519459459459,1.32843853940418,1.44796633816564,1.19983480783759
495.107387387387,1.33229238914918,1.45018717688379,1.20689949012341
495.695315315315,1.33600676124145,1.45418838185467,1.20964573081861
496.283243243243,1.33958936085064,1.45777651582174,1.21259769698779
496.871171171171,1.34302421598273,1.46094903073824,1.21571697248162
497.459099099099,1.34632372479861,1.46372379881002,1.21901377516743
498.047027027027,1.34947525702002,1.46739374136359,1.22245982793443
498.634954954955,1.35247843349317,1.47318979243588,1.22603106045748
499.222882882883,1.35534270587096,1.47867175138419,1.22972490863017
499.810810810811,1.35806127829606,1.48383610775037,1.233518649697
500.398738738739,1.36063349946731,1.48868835379787,1.23739808408646
500.986666666667,1.36306121972957,1.49322860563082,1.24134795435854
501.574594594595,1.36533617252626,1.49745752154535,1.24534499236124
502.162522522523,1.36747299346798,1.50139317637462,1.24938888498343
502.75045045045,1.36945635072409,1.50501852096947,1.25345090684884
503.338378378378,1.37128648739266,1.50834221335665,1.2575157969129
503.926306306306,1.3729607230688,1.51136392982007,1.26156766541705
504.514234234234,1.37447309288412,1.51408027096879,1.26558846350088
505.102162162162,1.37581600069446,1.51648744358617,1.26850922445749
505.69009009009,1.37697841706149,1.51857920362163,1.26941687530218
506.278018018018,1.37795552607481,1.52035127193462,1.27027119854198
506.865945945946,1.37872086897731,1.52179975948134,1.27104262018563
507.453873873874,1.37928172704605,1.52289641418436,1.27176380663686
508.041801801802,1.37961647399374,1.5236394271274,1.27240661183242
508.62972972973,1.37973321536936,1.52404196832417,1.27297967219367
509.217657657658,1.37954015099027,1.52401829567216,1.27278695737108
509.805585585586,1.37908732406735,1.52360353476078,1.27113989011604
510.393513513514,1.3783392870017,1.52277239240557,1.26925955711559
510.981441441441,1.37727054090082,1.52150438502944,1.26712643200781
511.569369369369,1.37585783721556,1.51977660955054,1.26471954096494
512.157297297297,1.3740838899902,1.51757216828592,1.26202911220782
512.745225225225,1.37192216926502,1.51487140741831,1.25903391347238
513.333153153153,1.36935806728882,1.51165253981478,1.25572130047987
513.921081081081,1.36636673283636,1.50789829183576,1.25207346351604
514.509009009009,1.36294154307921,1.50362805004492,1.24806107298542
515.096936936937,1.35903499102736,1.49874693790247,1.24367691910011
515.684864864865,1.35463274037188,1.49327345268279,1.23688672771556
516.272792792793,1.34973464223984,1.48721194020125,1.22762889646074
516.860720720721,1.34432944588335,1.48055263832891,1.21797979860664
517.448648648649,1.33840105317293,1.47329041907739,1.20794357173302
518.036576576577,1.33195621805903,1.46542899336407,1.19755578662242
518.624504504504,1.32495982906483,1.45797907155331,1.18680132765047
519.212432432432,1.31742709544618,1.45277641989698,1.17571310452375
519.80036036036,1.30935263445227,1.44691783552686,1.16430532612751
520.388288288288,1.30074490352243,1.44057579860081,1.15220474198244
520.976216216216,1.29161459379655,1.43481362692234,1.13910910967532
521.564144144144,1.28195408649369,1.42838090789591,1.12574691163551
522.152072072072,1.2718017524338,1.42130142939118,1.11217707341499
522.74,1.26117263703412,1.41358028710811,1.09841113354155
523.327927927928,1.25006424456282,1.40520566819983,1.08449413724571
523.915855855856,1.23849333968777,1.39617098277189,1.07043293423756
524.503783783784,1.22649961991095,1.3865113025568,1.05626939582834
525.091711711712,1.21410098533746,1.37623944284824,1.04203094159552
525.67963963964,1.20131405428474,1.36536526682059,1.02773762563978
526.267567567568,1.18816368264814,1.35389862432392,1.01341321056897
526.855495495495,1.17468594687259,1.34187738759022,0.999092614275368
527.443423423423,1.16089645472174,1.32931707439183,0.98478712411222
528.031351351351,1.14682159048582,1.31625300797413,0.970515290752842
528.619279279279,1.13240769708212,1.30262894452313,0.956212356905425
529.207207207207,1.11782641065023,1.28862225851944,0.942050489803557
529.795135135135,1.10303584171324,1.27420451269093,0.927964932292779
530.383063063063,1.08801385579107,1.25935114025081,0.913933468229288
530.970990990991,1.07284717208003,1.24415319363304,0.900020271086525
531.558918918919,1.05747007134928,1.22856755717812,0.886141720740907
532.146846846847,1.04193677860939,1.21265824085963,0.87233666858313
532.734774774775,1.02626279655671,1.19645289909019,0.85860197811409
533.322702702703,1.01048491608809,1.18002341910218,0.844930063717423
533.910630630631,0.994574225488804,1.16330413929902,0.831323107943901
534.498558558559,0.978483211178944,1.14628069033318,0.817675436191726
535.086486486486,0.96242927621593,1.12919251616639,0.804192730071278
535.674414414414,0.946341770087925,1.11663370932388,0.790763240450975
536.262342342342,0.930228748142966,1.10453943737829,0.77738023402646
536.85027027027,0.914141276992422,1.09262022598203,0.764055173692521
537.438198198198,0.898096607581167,1.08089861754376,0.748548343287922
538.026126126126,0.882218447289565,1.06950136622261,0.730978743877708
538.614054054054,0.866532058675788,1.05846693981071,0.713626286959765
539.201981981982,0.851091063114064,1.04786261162954,0.696527238243543
539.78990990991,0.836049514015797,1.03779765577363,0.679864315834068
540.377837837838,0.821523955481166,1.02842760952359,0.663772031422299
540.965765765766,0.807573859447191,1.01974179901022,0.648364555748634
541.553693693694,0.794378367127157,1.01194532464179,0.632988605236156
542.141621621622,0.782089306797282,1.00517308714755,0.615696509484044
542.729549549549,0.770907342087611,0.99960822563354,0.599644484698621
543.317477477477,0.760930090976724,0.995319442108774,0.584973758688526
543.905405405405,0.752371842918737,0.992497784804336,0.571957182907271
544.493333333333,0.745423268209691,0.991298480403557,0.560799271443763
545.081261261261,0.740080568624515,0.99167482718809,0.550566910568729
545.669189189189,0.736837705940843,0.994083110951796,0.541981030879604
546.257117117117,0.735581612497958,0.998348470217545,0.535550681434604
546.845045045045,0.736241537267912,1.00435567216187,0.531188543648188
547.432972972973,0.739409310689045,1.01259786452285,0.529683292525152
548.020900900901,0.744691264542191,1.02262514986883,0.530628373303657
548.608828828829,0.752256175546253,1.03682999491917,0.534219349981488
549.196756756757,0.761934477120092,1.05543448927247,0.540323285925897
549.784684684685,0.773630198804504,1.07485473602593,0.547988350600245
550.372612612613,0.787193704132311,1.0948315241211,0.557958107707821
550.96054054054,0.802410726234716,1.11513755077879,0.563139758689567
551.548468468468,0.819184780830449,1.13563759177708,0.570383632709447
552.136396396396,0.837250109967202,1.15593813650627,0.579621370010329
552.724324324324,0.856504770452775,1.17602350209036,0.590836054087386
553.312252252252,0.87665199859112,1.19567358010832,0.603796379933522
553.90018018018,0.89746007544039,1.21471811698715,0.618352897186033
554.488108108108,0.918796145825933,1.23515684657306,0.634409380512048
555.076036036036,0.940449423034801,1.2587282564987,0.65180722606781
555.663963963964,0.962254421022723,1.28167271149611,0.670404212177074
556.251891891892,0.984022076834435,1.30379021849245,0.689978873516428
556.83981981982,1.00568598684839,1.32511466384258,0.710508636084845
557.427747747748,1.0271055205376,1.34548374659323,0.731794564069774
558.015675675676,1.04821596334566,1.3649372429319,0.753781256533344
558.603603603604,1.06893309933923,1.38341367398274,0.776292797965248
559.191531531531,1.0891646466038,1.4009101365753,0.799211623505952
559.779459459459,1.10885764605893,1.41743075762613,0.821051154731156
560.367387387387,1.12798229423566,1.4330247362719,0.838929222210137
560.955315315315,1.14647711465996,1.44766828280365,0.856956652250168
561.543243243243,1.16433115622153,1.46142782220397,0.875059277623061
562.131171171171,1.18140252604659,1.47423423147691,0.893070491363752
562.719099099099,1.1978299709878,1.48620862680131,0.910981179604144
563.307027027027,1.2137084591197,1.49760199409125,0.928975243463817
563.894954954955,1.22879573982352,1.50815508390016,0.946704216088974
564.482882882883,1.24329720338411,1.51814319255345,0.964320439766851
565.070810810811,1.25708576957104,1.52745030131655,0.981659867706701
565.658738738739,1.27023098478715,1.53622117984664,0.998742799026193
566.246666666667,1.28260410727325,1.54427101652314,1.01540618051345
566.834594594595,1.29428134829392,1.55174772506081,1.03168128099221
567.422522522523,1.30526588388105,1.55867446277826,1.04753305574271
568.01045045045,1.31556107605316,1.56507144374968,1.06292855637955
568.598378378378,1.3251703278524,1.5709560788705,1.07783684725253
569.186306306306,1.33409697404265,1.57634313705593,1.09222893886043
569.774234234234,1.34248964061915,1.58148324388787,1.10612688303274
570.362162162162,1.35003481498994,1.58586505882346,1.11940118565301
570.95009009009,1.35696828136862,1.58984857872497,1.13209343302581
571.538018018018,1.36316581701366,1.59330483272452,1.14416126195373
572.125945945946,1.36869668130707,1.59631151131421,1.15559630075606
572.713873873874,1.37356800118319,1.59886983849241,1.16638035151477
573.301801801802,1.37777766414461,1.60097981579383,1.17616249002947
573.88972972973,1.38132680764548,1.60425481568426,1.18446077270725
574.477657657658,1.38420456379624,1.60733790662618,1.19085598224367
575.065585585585,1.3865450221245,1.60988511772877,1.19408796785044
575.653513513513,1.38809733441892,1.6115887348311,1.19577127554156
576.241441441441,1.38900290652668,1.61260602959859,1.19479546388545
576.829369369369,1.38925886952814,1.61294801436057,1.19278436166937
577.417297297297,1.38886222433695,1.61259652163336,1.18794761934066
578.005225225225,1.38781757110797,1.61156303545198,1.18262000128389
578.593153153153,1.38612749108393,1.61220525297731,1.17681361485401
579.181081081081,1.38379519636322,1.612563805904,1.17054127754703
579.769009009009,1.38082462586525,1.6119646447257,1.16381656120525
580.356936936937,1.37722054351852,1.61041558144345,1.15665382938688
580.944864864865,1.37298583960862,1.60792615773519,1.14906826693606
581.532792792793,1.368133272713,1.60450758644752,1.1410759008763
582.120720720721,1.36266734923251,1.60017269741226,1.1326936118589
582.708648648649,1.35659711994191,1.59493588848096,1.12393913552625
583.296576576577,1.34993293085368,1.58881308228716,1.11483105329642
583.884504504504,1.34268650223101,1.58182168887078,1.10538877223828
584.472432432432,1.33489255763557,1.57400899804325,1.09564905019692
585.06036036036,1.32658164005301,1.56542261615119,1.08565907109253
585.648288288288,1.31766036601355,1.55592621964345,1.07532563324542
586.236216216216,1.30822074826878,1.54564798062487,1.06474514662519
586.824144144144,1.29828186544398,1.53515631011183,1.05394014671618
587.412072072072,1.28786442889115,1.5290742089174,1.04293369479777
588,1.27699075632205,1.5223174832502,1.03174928148311
